{"cameraMode":{"drawMode":0,"name":"Shaded","section":"Shading Mode"},"sceneLighting":false,"audioPlay":false,"sceneViewState":{"m_AlwaysRefresh":false,"showFog":true,"showSkybox":false,"showFlares":true,"showImageEffects":true,"showParticleSystems":true,"showVisualEffectGraphs":true,"m_FxEnabled":true},"in2DMode":false,"pivot":{"x":0.04455006122589111,"y":0.9999998807907105,"z":0.04455006122589111},"rotation":{"x":-0.15533970296382905,"y":-0.06487063318490982,"z":0.010239394381642342,"w":-0.985695481300354},"size":5.585578441619873,"orthographic":false}