{"cameraMode":{"drawMode":0,"name":"Shaded","section":"Shading Mode"},"sceneLighting":false,"audioPlay":false,"sceneViewState":{"m_AlwaysRefresh":false,"showFog":true,"showSkybox":false,"showFlares":true,"showImageEffects":true,"showParticleSystems":true,"showVisualEffectGraphs":true,"m_FxEnabled":true},"in2DMode":false,"pivot":{"x":-1.1920928955078126e-7,"y":0.7213345766067505,"z":0.21064341068267823},"rotation":{"x":-0.15533970296382905,"y":-0.06487063318490982,"z":0.010239394381642342,"w":-0.985695481300354},"size":2.337385654449463,"orthographic":false}