{"cameraMode":{"drawMode":0,"name":"Shaded","section":"Shading Mode"},"sceneLighting":false,"audioPlay":false,"sceneViewState":{"m_AlwaysRefresh":false,"showFog":true,"showSkybox":false,"showFlares":true,"showImageEffects":true,"showParticleSystems":true,"showVisualEffectGraphs":true,"m_FxEnabled":true},"in2DMode":false,"pivot":{"x":0.09070301055908203,"y":1.2068092823028565,"z":-0.0941992998123169},"rotation":{"x":-0.15533970296382905,"y":-0.06487063318490982,"z":0.010239394381642342,"w":-0.985695481300354},"size":3.9653561115264894,"orthographic":false}