{"cameraMode":{"drawMode":0,"name":"Shaded","section":"Shading Mode"},"sceneLighting":false,"audioPlay":false,"sceneViewState":{"m_AlwaysRefresh":false,"showFog":true,"showSkybox":false,"showFlares":true,"showImageEffects":true,"showParticleSystems":true,"showVisualEffectGraphs":true,"m_FxEnabled":true},"in2DMode":false,"pivot":{"x":-5.960464477539063e-8,"y":0.644628643989563,"z":0.1026671826839447},"rotation":{"x":-0.15533970296382905,"y":-0.06487063318490982,"z":0.010239394381642342,"w":-0.985695481300354},"size":2.1946499347686769,"orthographic":false}