{"cameraMode":{"drawMode":0,"name":"Shaded","section":"Shading Mode"},"sceneLighting":true,"audioPlay":false,"sceneViewState":{"m_AlwaysRefresh":false,"showFog":true,"showSkybox":true,"showFlares":true,"showImageEffects":true,"showParticleSystems":true,"showVisualEffectGraphs":true,"m_FxEnabled":true},"in2DMode":false,"pivot":{"x":19.565860748291017,"y":2.1048877239227297,"z":17.898805618286134},"rotation":{"x":-0.12742525339126588,"y":-0.15201640129089356,"z":0.019767504185438157,"w":-0.9799304604530335},"size":21.05010223388672,"orthographic":false}