{"cameraMode":{"drawMode":0,"name":"Shaded","section":"Shading Mode"},"sceneLighting":true,"audioPlay":false,"sceneViewState":{"m_AlwaysRefresh":false,"showFog":true,"showSkybox":true,"showFlares":true,"showImageEffects":true,"showParticleSystems":true,"showVisualEffectGraphs":true,"m_FxEnabled":true},"in2DMode":false,"pivot":{"x":4.6846723556518559,"y":3.3751814365386965,"z":33.9019775390625},"rotation":{"x":0.09499647468328476,"y":0.18846242129802705,"z":-0.01831897161900997,"w":0.9773061275482178},"size":8.021965026855469,"orthographic":true}