{"cameraMode":{"drawMode":0,"name":"Shaded","section":"Shading Mode"},"sceneLighting":true,"audioPlay":false,"sceneViewState":{"m_AlwaysRefresh":false,"showFog":true,"showSkybox":true,"showFlares":true,"showImageEffects":true,"showParticleSystems":true,"showVisualEffectGraphs":true,"m_FxEnabled":true},"in2DMode":false,"pivot":{"x":-9.989459991455079,"y":2.640000343322754,"z":-5.34488582611084},"rotation":{"x":-0.029994232580065728,"y":-0.14284735918045045,"z":0.004330269992351532,"w":-0.9892848134040833},"size":1.0796287059783936,"orthographic":false}