{"cameraMode":{"drawMode":0,"name":"Shaded","section":"Shading Mode"},"sceneLighting":true,"audioPlay":false,"sceneViewState":{"m_AlwaysRefresh":false,"showFog":true,"showSkybox":true,"showFlares":true,"showImageEffects":true,"showParticleSystems":true,"showVisualEffectGraphs":true,"m_FxEnabled":true},"in2DMode":false,"pivot":{"x":-6.749629497528076,"y":1.270547866821289,"z":2.1381497383117677},"rotation":{"x":-0.029994232580065728,"y":-0.14284735918045045,"z":0.004330269992351532,"w":-0.9892848134040833},"size":8.126096725463868,"orthographic":false}