{"cameraMode":{"drawMode":0,"name":"Shaded","section":"Shading Mode"},"sceneLighting":true,"audioPlay":false,"sceneViewState":{"m_AlwaysRefresh":false,"showFog":true,"showSkybox":true,"showFlares":true,"showImageEffects":true,"showParticleSystems":true,"showVisualEffectGraphs":true,"m_FxEnabled":true},"in2DMode":false,"pivot":{"x":-24.85052490234375,"y":3.0280561447143556,"z":27.35361099243164},"rotation":{"x":0.10446563363075257,"y":-0.15154951810836793,"z":0.016109006479382516,"w":0.9827844500541687},"size":8.254592895507813,"orthographic":true}