{"cameraMode":{"drawMode":0,"name":"Shaded","section":"Shading Mode"},"sceneLighting":true,"audioPlay":false,"sceneViewState":{"m_AlwaysRefresh":false,"showFog":true,"showSkybox":true,"showFlares":true,"showImageEffects":true,"showParticleSystems":true,"showVisualEffectGraphs":true,"m_FxEnabled":true},"in2DMode":false,"pivot":{"x":-15.037145614624024,"y":3.681521415710449,"z":11.433588027954102},"rotation":{"x":0.13500259816646577,"y":-0.08312737196683884,"z":0.011367040686309338,"w":0.9872881174087524},"size":6.435823917388916,"orthographic":true}