{"cameraMode":{"drawMode":0,"name":"Shaded","section":"Shading Mode"},"sceneLighting":false,"audioPlay":false,"sceneViewState":{"m_AlwaysRefresh":false,"showFog":true,"showSkybox":false,"showFlares":true,"showImageEffects":true,"showParticleSystems":true,"showVisualEffectGraphs":true,"m_FxEnabled":true},"in2DMode":false,"pivot":{"x":0.001114487648010254,"y":0.6270937323570252,"z":2.9723434448242189},"rotation":{"x":0.29883861541748049,"y":0.26852867007255556,"z":-0.08803804963827133,"w":0.9115052223205566},"size":1.214340329170227,"orthographic":false}