{"cameraMode":{"drawMode":0,"name":"Shaded","section":"Shading Mode"},"sceneLighting":false,"audioPlay":false,"sceneViewState":{"m_AlwaysRefresh":false,"showFog":true,"showSkybox":false,"showFlares":true,"showImageEffects":true,"showParticleSystems":true,"showVisualEffectGraphs":true,"m_FxEnabled":true},"in2DMode":false,"pivot":{"x":-0.3247677981853485,"y":0.8908554315567017,"z":0.14132197201251985},"rotation":{"x":-0.16505976021289826,"y":0.10687921196222305,"z":-0.017996318638324739,"w":-0.9803147315979004},"size":2.4901387691497804,"orthographic":false}