{"cameraMode":{"drawMode":0,"name":"Shaded","section":"Shading Mode"},"sceneLighting":false,"audioPlay":false,"sceneViewState":{"m_AlwaysRefresh":false,"showFog":true,"showSkybox":false,"showFlares":true,"showImageEffects":true,"showParticleSystems":true,"showVisualEffectGraphs":true,"m_FxEnabled":true},"in2DMode":false,"pivot":{"x":-5.960464477539063e-8,"y":0.672655463218689,"z":0.22029650211334229},"rotation":{"x":-0.15533970296382905,"y":-0.06487063318490982,"z":0.010239394381642342,"w":-0.985695481300354},"size":2.2582685947418215,"orthographic":false}